File Name,Hour,Minute
clock_1.png,1,18
clock_2.png,3,47
clock_3.png,12,25
clock_4.png,10,26
clock_5.png,5,35
clock_6.png,1,15
clock_7.png,2,58
clock_8.png,5,38
clock_9.png,10,35
clock_10.png,10,18
clock_11.png,2,11
clock_12.png,7,24
clock_13.png,12,1
clock_14.png,10,38
clock_15.png,8,44
clock_16.png,9,37
clock_17.png,10,58
clock_18.png,2,18
clock_19.png,8,4
clock_20.png,7,36
clock_21.png,7,28
clock_22.png,6,50
clock_23.png,2,56
clock_24.png,5,20
clock_25.png,7,35
clock_26.png,8,18
clock_27.png,10,42
clock_28.png,9,1
clock_29.png,10,31
clock_30.png,12,53
clock_31.png,12,41
clock_32.png,9,46
clock_33.png,12,0
clock_34.png,10,15
clock_35.png,10,27
clock_36.png,6,42
clock_37.png,7,9
clock_38.png,7,51
clock_39.png,7,35
clock_40.png,3,25
clock_41.png,9,6
clock_42.png,3,29
clock_43.png,10,39
clock_44.png,8,20
clock_45.png,3,47
clock_46.png,1,12
clock_47.png,9,13
clock_48.png,5,50
clock_49.png,8,53
clock_50.png,11,14
clock_51.png,10,13
clock_52.png,12,52
clock_53.png,1,47
clock_54.png,12,9
clock_55.png,5,50
clock_56.png,3,16
clock_57.png,2,33
clock_58.png,2,41
clock_59.png,10,7
clock_60.png,5,56
clock_61.png,4,9
clock_62.png,12,36
clock_63.png,6,7
clock_64.png,1,29
clock_65.png,10,38
clock_66.png,11,55
clock_67.png,10,25
clock_68.png,4,27
clock_69.png,9,26
clock_70.png,6,23
clock_71.png,10,25
clock_72.png,4,6
clock_73.png,4,39
clock_74.png,4,15
clock_75.png,1,22
clock_76.png,9,27
clock_77.png,9,0
clock_78.png,5,14
clock_79.png,5,44
clock_80.png,3,52
clock_81.png,3,8
clock_82.png,12,38
clock_83.png,2,9
clock_84.png,5,2
clock_85.png,3,55
clock_86.png,12,59
clock_87.png,6,10
clock_88.png,2,42
clock_89.png,7,46
clock_90.png,2,0
clock_91.png,2,48
clock_92.png,1,52
clock_93.png,2,30
clock_94.png,9,41
clock_95.png,5,33
clock_96.png,5,23
clock_97.png,12,17
clock_98.png,2,47
clock_99.png,5,39
clock_100.png,11,34
clock_101.png,5,25
clock_102.png,4,18
clock_103.png,6,29
clock_104.png,9,24
clock_105.png,6,46
clock_106.png,5,34
clock_107.png,6,45
clock_108.png,12,5
clock_109.png,2,12
clock_110.png,6,31
clock_111.png,1,6
clock_112.png,11,52
clock_113.png,12,17
clock_114.png,4,17
clock_115.png,11,34
clock_116.png,4,38
clock_117.png,6,22
clock_118.png,1,18
clock_119.png,5,31
clock_120.png,8,18
clock_121.png,9,6
clock_122.png,1,11
clock_123.png,10,34
clock_124.png,3,39
clock_125.png,3,10
clock_126.png,4,50
clock_127.png,1,38
clock_128.png,10,19
clock_129.png,1,20
clock_130.png,12,31
clock_131.png,1,26
clock_132.png,9,41
clock_133.png,4,50
clock_134.png,10,28
clock_135.png,10,54
clock_136.png,8,30
clock_137.png,2,8
clock_138.png,12,39
clock_139.png,8,21
clock_140.png,10,26
clock_141.png,2,17
clock_142.png,4,11
clock_143.png,3,29
clock_144.png,7,34
clock_145.png,6,49
clock_146.png,9,29
clock_147.png,7,50
clock_148.png,4,27
clock_149.png,12,48
clock_150.png,4,54
clock_151.png,2,37
clock_152.png,1,27
clock_153.png,9,25
clock_154.png,11,51
clock_155.png,2,21
clock_156.png,2,43
clock_157.png,9,27
clock_158.png,11,19
clock_159.png,12,13
clock_160.png,2,22
clock_161.png,2,21
clock_162.png,12,37
clock_163.png,7,54
clock_164.png,3,38
clock_165.png,1,16
clock_166.png,5,1
clock_167.png,12,39
clock_168.png,11,38
clock_169.png,11,32
clock_170.png,5,33
clock_171.png,8,18
clock_172.png,1,46
clock_173.png,2,36
clock_174.png,10,13
clock_175.png,9,16
clock_176.png,1,3
clock_177.png,9,29
clock_178.png,2,44
clock_179.png,3,1
clock_180.png,6,35
clock_181.png,12,30
clock_182.png,4,50
clock_183.png,7,22
clock_184.png,12,46
clock_185.png,7,47
clock_186.png,4,9
clock_187.png,7,33
clock_188.png,10,34
clock_189.png,5,41
clock_190.png,7,21
clock_191.png,4,2
clock_192.png,1,45
clock_193.png,12,26
clock_194.png,6,18
clock_195.png,10,50
clock_196.png,12,16
clock_197.png,2,16
clock_198.png,9,20
clock_199.png,2,48
clock_200.png,1,25
